"","Jonathan name","Genus match (may not be exact)","Clade","Family","Subfamily"
"368","Acontias","Acontias","Acontiinae","Scincidae","Acontiinae"
"369","Typhlosaurus","Typhlosaurus","Acontiinae","Scincidae","Acontiinae"
"85","Agama","Agama","Agaminae","Agamidae","Agaminae"
"110","Stellio","Laudakia","Agaminae","Agamidae","Agaminae"
"104","Phrynocephal","Phrynocephalus","Agaminae","Agamidae","Agaminae"
"107","Pseudotrapel","Pseudotrapelus","Agaminae","Agamidae","Agaminae"
"111","Trapelus","Trapelus","Agaminae","Agamidae","Agaminae"
"195","Achalinus","Achalinus","Alethenophidia","Xenodermidae","Xenodermidae"
"196","Acrochordus","Acrochordus","Alethenophidia","Acrochordidae","Acrochordidae"
"197","Agkistrodon","Agkistrodon","Alethenophidia","Viperidae","Crotalinae"
"199","Atheris","Atheris","Alethenophidia","Viperidae","Viperinae"
"200","Atractaspis","Atractaspis","Alethenophidia","Lamprophiidae","Atractaspidinae"
"201","Austrelaps","Austrelaps","Alethenophidia","Elapidae","Elapidae"
"202","Bitis","Bitis","Alethenophidia","Viperidae","Viperinae"
"203","Cerberus","Cerberus","Alethenophidia","Homalopsidae","Homalopsidae"
"204","Charina","Charina","Alethenophidia","Boidae","Ungaliophiinae"
"205","Chironius","Chironius","Alethenophidia","Colubridae","Colubrinae"
"206","Coluber","Coluber","Alethenophidia","Colubridae","Colubrinae"
"207","Crotalus","Crotalus","Alethenophidia","Viperidae","Crotalinae"
"208","Cylindrophis","Cylindrophis","Alethenophidia","Cylindrophiidae","Cylindrophiidae"
"209","Elaphe","Elaphe","Alethenophidia","Colubridae","Colubrinae"
"210","Epicrates","Epicrates","Alethenophidia","Boidae","Boinae"
"211","Eryx","Eryx","Alethenophidia","Boidae","Erycinae"
"212","Heterodon","Heterodon","Alethenophidia","Colubridae","Dipsadinae"
"221","Pelamis","Hydrophis","Alethenophidia","Elapidae","Elapidae"
"213","Laticauda","Laticauda","Alethenophidia","Elapidae","Elapidae"
"214","Liopeltis","Liopeltis","Alethenophidia","Colubridae","Colubrinae"
"215","Loxocemus","Loxocemus","Alethenophidia","Loxocemidae","Loxocemidae"
"216","Naja","Naja","Alethenophidia","Elapidae","Elapidae"
"217","Nerodia","Nerodia","Alethenophidia","Colubridae","Natricinae"
"218","Oligodon","Oligodon","Alethenophidia","Colubridae","Colubrinae"
"219","Opheodrys","Opheodrys","Alethenophidia","Colubridae","Colubrinae"
"220","Oxybelis","Oxybelis","Alethenophidia","Colubridae","Colubrinae"
"231","Zaocys","Ptyas","Alethenophidia","Colubridae","Colubrinae"
"222","Python","Python","Alethenophidia","Pythonidae","Pythonidae"
"223","Rhinophis","Rhinophis","Alethenophidia","Uropeltidae","Uropeltidae"
"224","Sistrurus","Sistrurus","Alethenophidia","Viperidae","Crotalinae"
"225","Storeria","Storeria","Alethenophidia","Colubridae","Natricinae"
"226","Thamnophis","Thamnophis","Alethenophidia","Colubridae","Natricinae"
"228","Vipera","Vipera","Alethenophidia","Viperidae","Viperinae"
"229","Xenodon","Xenodon","Alethenophidia","Colubridae","Dipsadinae"
"230","Xenopeltis","Xenopeltis","Alethenophidia","Xenopeltidae","Xenopeltidae"
"92","Chlamydosaur","Chlamydosaurus","Amphibolurinae","Agamidae","Amphibolurinae"
"87","amphibisolep","Ctenophorus","Amphibolurinae","Agamidae","Amphibolurinae"
"88","amphibnuchal","Ctenophorus","Amphibolurinae","Agamidae","Amphibolurinae"
"94","Diporiphora","Diporiphora","Amphibolurinae","Agamidae","Amphibolurinae"
"98","Hypsilurus","Hypsilurus","Amphibolurinae","Agamidae","Amphibolurinae"
"100","Lophognathus","Lophognathus","Amphibolurinae","Agamidae","Amphibolurinae"
"101","Moloch","Moloch","Amphibolurinae","Agamidae","Amphibolurinae"
"105","Physignathus","Physignathus","Amphibolurinae","Agamidae","Amphibolurinae"
"86","amphibbarbat","Pogona","Amphibolurinae","Agamidae","Amphibolurinae"
"112","Typanocrypti","Tympanocryptis","Amphibolurinae","Agamidae","Amphibolurinae"
"260","Agamodon","Agamodon","Amphisbaenidae_Bipedidae_Blanidae_Trogonophiidae","Trogonophiidae","Trogonophiidae"
"261","Amphisbaena","Amphisbaena","Amphisbaenidae_Bipedidae_Blanidae_Trogonophiidae","Amphisbaenidae","Amphisbaenidae"
"262","Anops","Amphisbaena","Amphisbaenidae_Bipedidae_Blanidae_Trogonophiidae","Amphisbaenidae","Amphisbaenidae"
"270","Leposternon","Amphisbaena","Amphisbaenidae_Bipedidae_Blanidae_Trogonophiidae","Amphisbaenidae","Amphisbaenidae"
"263","Bipes","Bipes","Amphisbaenidae_Bipedidae_Blanidae_Trogonophiidae","Bipedidae","Bipedidae"
"264","Blanus","Blanus","Amphisbaenidae_Bipedidae_Blanidae_Trogonophiidae","Blanidae","Blanidae"
"265","Chirindia","Chirindia","Amphisbaenidae_Bipedidae_Blanidae_Trogonophiidae","Amphisbaenidae","Amphisbaenidae"
"266","Cynisca","Cynisca","Amphisbaenidae_Bipedidae_Blanidae_Trogonophiidae","Amphisbaenidae","Amphisbaenidae"
"267","Dalophia","Dalophia","Amphisbaenidae_Bipedidae_Blanidae_Trogonophiidae","Amphisbaenidae","Amphisbaenidae"
"268","Diplometopon","Diplometopon","Amphisbaenidae_Bipedidae_Blanidae_Trogonophiidae","Trogonophiidae","Trogonophiidae"
"269","Geocalamus","Geocalamus","Amphisbaenidae_Bipedidae_Blanidae_Trogonophiidae","Amphisbaenidae","Amphisbaenidae"
"271","Loveridgea","Loveridgea","Amphisbaenidae_Bipedidae_Blanidae_Trogonophiidae","Amphisbaenidae","Amphisbaenidae"
"272","Monopeltis","Monopeltis","Amphisbaenidae_Bipedidae_Blanidae_Trogonophiidae","Amphisbaenidae","Amphisbaenidae"
"273","Trogonophis","Trogonophis","Amphisbaenidae_Bipedidae_Blanidae_Trogonophiidae","Trogonophiidae","Trogonophiidae"
"274","Zygaspis","Zygaspis","Amphisbaenidae_Bipedidae_Blanidae_Trogonophiidae","Amphisbaenidae","Amphisbaenidae"
"176","Abronia","Abronia","Anguidae_Anniellidae","Anguidae","Gerrhonotinae"
"177","Anguis","Anguis","Anguidae_Anniellidae","Anguidae","Anguinae"
"178","Anniella","Anniella","Anguidae_Anniellidae","Anniellidae","Anniellidae"
"179","Barisia","Barisia","Anguidae_Anniellidae","Anguidae","Gerrhonotinae"
"180","Celestus","Celestus","Anguidae_Anniellidae","Anguidae","Diploglossinae"
"187","Sauresia","Celestus","Anguidae_Anniellidae","Anguidae","Diploglossinae"
"188","Wetmorena","Celestus","Anguidae_Anniellidae","Anguidae","Diploglossinae"
"181","Diploglossus","Diploglossus","Anguidae_Anniellidae","Anguidae","Diploglossinae"
"182","Elgaria","Elgaria","Anguidae_Anniellidae","Anguidae","Gerrhonotinae"
"183","Gerrhonotus","Gerrhonotus","Anguidae_Anniellidae","Anguidae","Gerrhonotinae"
"184","Mesaspis","Mesaspis","Anguidae_Anniellidae","Anguidae","Gerrhonotinae"
"185","Ophiodes","Ophiodes","Anguidae_Anniellidae","Anguidae","Diploglossinae"
"186","Ophisaurus","Ophisaurus","Anguidae_Anniellidae","Anguidae","Anguinae"
"192","Liotyphlops","Liotyphlops","Anomalepididae","Anomalepididae","Anomalepididae"
"61","Aprasia","Aprasia","Carphodactylidae_Diplodactylidae_Pygopodidae","Pygopodidae","Pygopodidae"
"62","Bavayia","Bavayia","Carphodactylidae_Diplodactylidae_Pygopodidae","Diplodactylidae","Diplodactylidae"
"63","Crenadactylu","Crenadactylus","Carphodactylidae_Diplodactylidae_Pygopodidae","Diplodactylidae","Diplodactylidae"
"64","Delma","Delma","Carphodactylidae_Diplodactylidae_Pygopodidae","Pygopodidae","Pygopodidae"
"65","Diplodactylu","Diplodactylus","Carphodactylidae_Diplodactylidae_Pygopodidae","Diplodactylidae","Diplodactylidae"
"66","Eurydactylod","Eurydactylodes","Carphodactylidae_Diplodactylidae_Pygopodidae","Diplodactylidae","Diplodactylidae"
"67","Hoplodactylu","Hoplodactylus","Carphodactylidae_Diplodactylidae_Pygopodidae","Diplodactylidae","Diplodactylidae"
"68","Lialis","Lialis","Carphodactylidae_Diplodactylidae_Pygopodidae","Pygopodidae","Pygopodidae"
"69","Naultinus","Naultinus","Carphodactylidae_Diplodactylidae_Pygopodidae","Diplodactylidae","Diplodactylidae"
"70","Nephrurus","Nephrurus","Carphodactylidae_Diplodactylidae_Pygopodidae","Carphodactylidae","Carphodactylidae"
"71","Oedura","Oedura","Carphodactylidae_Diplodactylidae_Pygopodidae","Diplodactylidae","Diplodactylidae"
"72","Paradelma","Paradelma","Carphodactylidae_Diplodactylidae_Pygopodidae","Pygopodidae","Pygopodidae"
"73","Phyllurus","Phyllurus","Carphodactylidae_Diplodactylidae_Pygopodidae","Carphodactylidae","Carphodactylidae"
"74","Pygopus","Pygopus","Carphodactylidae_Diplodactylidae_Pygopodidae","Pygopodidae","Pygopodidae"
"75","Rhacodactylu","Rhacodactylus","Carphodactylidae_Diplodactylidae_Pygopodidae","Diplodactylidae","Diplodactylidae"
"78","Bradypodion","Bradypodion","Chamaeleonidae","Chamaeleonidae","Chamaeleoninae"
"79","Brookesia","Brookesia","Chamaeleonidae","Chamaeleonidae","Brookesiinae"
"81","Chamaeleorhi","Furcifer","Chamaeleonidae","Chamaeleonidae","Chamaeleoninae"
"82","Rhampholeon","Rhampholeon","Chamaeleonidae","Chamaeleonidae","Chamaeleoninae"
"80","Chamaeleojax","Trioceros","Chamaeleonidae","Chamaeleonidae","Chamaeleoninae"
"374","Chamaesaura","Chamaesaura","Cordylidae","Cordylidae","Cordylinae"
"379","Cordylus","Cordylus","Cordylidae","Cordylidae","Cordylinae"
"380","Platysaurus","Platysaurus","Cordylidae","Cordylidae","Platysaurinae"
"381","Platysaurus","Platysaurus","Cordylidae","Cordylidae","Platysaurinae"
"382","Pseudocordyl","Pseudocordylus","Cordylidae","Cordylidae","Cordylinae"
"126","Basiliscus","Basiliscus","Corytophanidae","Corytophanidae","Corytophanidae"
"127","Corytophanes","Corytophanes","Corytophanidae","Corytophanidae","Corytophanidae"
"128","Laemanctus","Laemanctus","Corytophanidae","Corytophanidae","Corytophanidae"
"370","Cricosaura","Cricosaura","Cricosaurinae","Xantusiidae","Cricosaurinae"
"162","Crotaphythus","Crotaphytus","Crotaphytidae","Crotaphytidae","Crotaphytidae"
"163","Gambelia","Gambelia","Crotaphytidae","Crotaphytidae","Crotaphytidae"
"139","Anolisbaraho","Anolis","Dactyloidae","Dactyloidae","Dactyloidae"
"140","Anolisgundla","Anolis","Dactyloidae","Dactyloidae","Dactyloidae"
"141","Anolispulch","Anolis","Dactyloidae","Dactyloidae","Dactyloidae"
"142","Anolisvalenc","Anolis","Dactyloidae","Dactyloidae","Dactyloidae"
"145","Chamaeleolis","Anolis","Dactyloidae","Dactyloidae","Dactyloidae"
"146","Chamaelinoro","Anolis","Dactyloidae","Dactyloidae","Dactyloidae"
"150","Phenacosauru","Anolis","Dactyloidae","Dactyloidae","Dactyloidae"
"76","Dibamus","Dibamus","Dibamidae","Dibamidae","Dibamidae"
"84","Acanthosaura","Acanthosaura","Draconinae","Agamidae","Draconinae"
"89","Aphaniotis","Aphaniotis","Draconinae","Agamidae","Draconinae"
"90","Calotes","Calotes","Draconinae","Agamidae","Draconinae"
"91","Ceratophora","Ceratophora","Draconinae","Agamidae","Draconinae"
"93","Cophotis","Cophotis","Draconinae","Agamidae","Draconinae"
"95","Draco","Draco","Draconinae","Agamidae","Draconinae"
"96","Gonocephalus","Gonocephalus","Draconinae","Agamidae","Draconinae"
"99","Japalura","Japalura","Draconinae","Agamidae","Draconinae"
"102","Oriocalotes","Oriocalotes","Draconinae","Agamidae","Draconinae"
"103","Otocryptis","Otocryptis","Draconinae","Agamidae","Draconinae"
"106","Psammophilus","Psammophilus","Draconinae","Agamidae","Draconinae"
"108","Salea","Salea","Draconinae","Agamidae","Draconinae"
"109","Sitana","Sitana","Draconinae","Agamidae","Draconinae"
"1","Aelurascalab","Aeluroscalabotes","Eublepharidae","Eublepharidae","Eublepharidae"
"2","Coleonyx","Coleonyx","Eublepharidae","Eublepharidae","Eublepharidae"
"3","Eublepharis","Eublepharis","Eublepharidae","Eublepharidae","Eublepharidae"
"4","Goniurosauru","Goniurosaurus","Eublepharidae","Eublepharidae","Eublepharidae"
"5","Hemitheconyx","Hemitheconyx","Eublepharidae","Eublepharidae","Eublepharidae"
"6","Holodactylus","Holodactylus","Eublepharidae","Eublepharidae","Eublepharidae"
"7","Afroedura","Afroedura","Gekkonidae_Phyllodactylidae_Sphaerodactylidae","Gekkonidae","Gekkonidae"
"8","Agamura","Agamura","Gekkonidae_Phyllodactylidae_Sphaerodactylidae","Gekkonidae","Gekkonidae"
"9","Ailuronyx","Ailuronyx","Gekkonidae_Phyllodactylidae_Sphaerodactylidae","Gekkonidae","Gekkonidae"
"10","Alsophylax","Alsophylax","Gekkonidae_Phyllodactylidae_Sphaerodactylidae","Gekkonidae","Gekkonidae"
"11","Aristelliger","Aristelliger","Gekkonidae_Phyllodactylidae_Sphaerodactylidae","Sphaerodactylidae","Sphaerodactylidae"
"12","Asaccus","Asaccus","Gekkonidae_Phyllodactylidae_Sphaerodactylidae","Phyllodactylidae","Phyllodactylidae"
"13","Bunopus","Bunopus","Gekkonidae_Phyllodactylidae_Sphaerodactylidae","Gekkonidae","Gekkonidae"
"14","Chondrodacty","Chondrodactylus","Gekkonidae_Phyllodactylidae_Sphaerodactylidae","Gekkonidae","Gekkonidae"
"15","Cnemaspis","Cnemaspis","Gekkonidae_Phyllodactylidae_Sphaerodactylidae","Gekkonidae","Gekkonidae"
"16","Coleodactylu","Coleodactylus","Gekkonidae_Phyllodactylidae_Sphaerodactylidae","Sphaerodactylidae","Sphaerodactylidae"
"17","Colopus","Colopus","Gekkonidae_Phyllodactylidae_Sphaerodactylidae","Gekkonidae","Gekkonidae"
"19","Crossobamon","Crossobamon","Gekkonidae_Phyllodactylidae_Sphaerodactylidae","Gekkonidae","Gekkonidae"
"20","Cyrtodactylu","Cyrtodactylus","Gekkonidae_Phyllodactylidae_Sphaerodactylidae","Gekkonidae","Gekkonidae"
"21","Cyrtopodion","Cyrtopodion","Gekkonidae_Phyllodactylidae_Sphaerodactylidae","Gekkonidae","Gekkonidae"
"55","Tenuidactylu","Cyrtopodion","Gekkonidae_Phyllodactylidae_Sphaerodactylidae","Gekkonidae","Gekkonidae"
"23","Geckolepis","Geckolepis","Gekkonidae_Phyllodactylidae_Sphaerodactylidae","Gekkonidae","Gekkonidae"
"25","Gehyra","Gehyra","Gekkonidae_Phyllodactylidae_Sphaerodactylidae","Gekkonidae","Gekkonidae"
"22","Gecko","Gekko","Gekkonidae_Phyllodactylidae_Sphaerodactylidae","Gekkonidae","Gekkonidae"
"26","Gonatodes","Gonatodes","Gekkonidae_Phyllodactylidae_Sphaerodactylidae","Sphaerodactylidae","Sphaerodactylidae"
"287","Gymnodactylu","Gymnodactylus","Gekkonidae_Phyllodactylidae_Sphaerodactylidae","Phyllodactylidae","Phyllodactylidae"
"18","Cosymbotus","Hemidactylus","Gekkonidae_Phyllodactylidae_Sphaerodactylidae","Gekkonidae","Gekkonidae"
"27","Hemidactylus","Hemidactylus","Gekkonidae_Phyllodactylidae_Sphaerodactylidae","Gekkonidae","Gekkonidae"
"56","Teratolepis","Hemidactylus","Gekkonidae_Phyllodactylidae_Sphaerodactylidae","Gekkonidae","Gekkonidae"
"28","Hemiphylloda","Hemiphyllodactylus","Gekkonidae_Phyllodactylidae_Sphaerodactylidae","Gekkonidae","Gekkonidae"
"29","Heteronotia","Heteronotia","Gekkonidae_Phyllodactylidae_Sphaerodactylidae","Gekkonidae","Gekkonidae"
"30","Homonota","Homonota","Gekkonidae_Phyllodactylidae_Sphaerodactylidae","Phyllodactylidae","Phyllodactylidae"
"31","Homopholis","Homopholis","Gekkonidae_Phyllodactylidae_Sphaerodactylidae","Gekkonidae","Gekkonidae"
"32","Lepidoblepha","Lepidoblepharis","Gekkonidae_Phyllodactylidae_Sphaerodactylidae","Sphaerodactylidae","Sphaerodactylidae"
"33","Lepidodactyl","Lepidodactylus","Gekkonidae_Phyllodactylidae_Sphaerodactylidae","Gekkonidae","Gekkonidae"
"34","Luperosaurus","Luperosaurus","Gekkonidae_Phyllodactylidae_Sphaerodactylidae","Gekkonidae","Gekkonidae"
"35","Lygodactylus","Lygodactylus","Gekkonidae_Phyllodactylidae_Sphaerodactylidae","Gekkonidae","Gekkonidae"
"36","Microscalabo","Lygodactylus","Gekkonidae_Phyllodactylidae_Sphaerodactylidae","Gekkonidae","Gekkonidae"
"37","Nactus","Nactus","Gekkonidae_Phyllodactylidae_Sphaerodactylidae","Gekkonidae","Gekkonidae"
"38","Pachydactylu","Pachydactylus","Gekkonidae_Phyllodactylidae_Sphaerodactylidae","Gekkonidae","Gekkonidae"
"39","Palmatogecko","Pachydactylus","Gekkonidae_Phyllodactylidae_Sphaerodactylidae","Gekkonidae","Gekkonidae"
"40","Paroedura","Paroedura","Gekkonidae_Phyllodactylidae_Sphaerodactylidae","Gekkonidae","Gekkonidae"
"41","Perochirus","Perochirus","Gekkonidae_Phyllodactylidae_Sphaerodactylidae","Gekkonidae","Gekkonidae"
"42","Phelsuma","Phelsuma","Gekkonidae_Phyllodactylidae_Sphaerodactylidae","Gekkonidae","Gekkonidae"
"43","Phyllodactyl","Phyllodactylus","Gekkonidae_Phyllodactylidae_Sphaerodactylidae","Phyllodactylidae","Phyllodactylidae"
"44","Pseudogekko","Pseudogekko","Gekkonidae_Phyllodactylidae_Sphaerodactylidae","Gekkonidae","Gekkonidae"
"45","Pseudogonato","Pseudogonatodes","Gekkonidae_Phyllodactylidae_Sphaerodactylidae","Sphaerodactylidae","Sphaerodactylidae"
"46","Ptenopus","Ptenopus","Gekkonidae_Phyllodactylidae_Sphaerodactylidae","Gekkonidae","Gekkonidae"
"47","Ptychozoon","Ptychozoon","Gekkonidae_Phyllodactylidae_Sphaerodactylidae","Gekkonidae","Gekkonidae"
"48","Ptyodactylus","Ptyodactylus","Gekkonidae_Phyllodactylidae_Sphaerodactylidae","Phyllodactylidae","Phyllodactylidae"
"49","Quedenfeldti","Quedenfeldtia","Gekkonidae_Phyllodactylidae_Sphaerodactylidae","Sphaerodactylidae","Sphaerodactylidae"
"50","Rhoptropus","Rhoptropus","Gekkonidae_Phyllodactylidae_Sphaerodactylidae","Gekkonidae","Gekkonidae"
"51","Saurodactylu","Saurodactylus","Gekkonidae_Phyllodactylidae_Sphaerodactylidae","Sphaerodactylidae","Sphaerodactylidae"
"52","Sphaerodacty","Sphaerodactylus","Gekkonidae_Phyllodactylidae_Sphaerodactylidae","Sphaerodactylidae","Sphaerodactylidae"
"53","Stenodactylu","Stenodactylus","Gekkonidae_Phyllodactylidae_Sphaerodactylidae","Gekkonidae","Gekkonidae"
"24","Geckonia","Tarentola","Gekkonidae_Phyllodactylidae_Sphaerodactylidae","Phyllodactylidae","Phyllodactylidae"
"54","Tarentola","Tarentola","Gekkonidae_Phyllodactylidae_Sphaerodactylidae","Phyllodactylidae","Phyllodactylidae"
"57","Teratoscincu","Teratoscincus","Gekkonidae_Phyllodactylidae_Sphaerodactylidae","Sphaerodactylidae","Sphaerodactylidae"
"58","Thecadactylu","Thecadactylus","Gekkonidae_Phyllodactylidae_Sphaerodactylidae","Phyllodactylidae","Phyllodactylidae"
"59","Tropicolotes","Tropiocolotes","Gekkonidae_Phyllodactylidae_Sphaerodactylidae","Gekkonidae","Gekkonidae"
"60","Uroplatus","Uroplatus","Gekkonidae_Phyllodactylidae_Sphaerodactylidae","Gekkonidae","Gekkonidae"
"378","Cordylosauru","Cordylosaurus","Gerrhosauridae","Gerrhosauridae","Gerrhosaurinae"
"375","Gerrhosaurus","Gerrhosaurus","Gerrhosauridae","Gerrhosauridae","Gerrhosaurinae"
"376","Tetradactylu","Tetradactylus","Gerrhosauridae","Gerrhosauridae","Gerrhosaurinae"
"377","Zonosaurus","Zonosaurus","Gerrhosauridae","Gerrhosauridae","Zonosaurinae"
"283","Alopoglossus","Alopoglossus","Gymnophthalmidae","Gymnophthalmidae","Alopoglossinae"
"284","Anadia","Anadia","Gymnophthalmidae","Gymnophthalmidae","Cercosaurinae"
"285","Bachiabarb","Bachia","Gymnophthalmidae","Gymnophthalmidae","Bachiinae"
"292","Pantodactylu","Cercosaura","Gymnophthalmidae","Gymnophthalmidae","Cercosaurinae"
"295","Prionodactyl","Cercosaura","Gymnophthalmidae","Gymnophthalmidae","Cercosaurinae"
"286","Echinosaura","Echinosaura","Gymnophthalmidae","Gymnophthalmidae","Cercosaurinae"
"288","Gymnophthalm","Gymnophthalmus","Gymnophthalmidae","Gymnophthalmidae","Gymnophthalminae"
"289","Leposoma","Leposoma","Gymnophthalmidae","Gymnophthalmidae","Ecpleopinae"
"290","Neusticurus","Neusticurus","Gymnophthalmidae","Gymnophthalmidae","Cercosaurinae"
"291","Opipeuter","Opipeuter","Gymnophthalmidae","Gymnophthalmidae","Cercosaurinae"
"293","Pholidobolus","Pholidobolus","Gymnophthalmidae","Gymnophthalmidae","Cercosaurinae"
"294","Placosoma","Placosoma","Gymnophthalmidae","Gymnophthalmidae","Cercosaurinae"
"296","Proctoporus","Proctoporus","Gymnophthalmidae","Gymnophthalmidae","Cercosaurinae"
"297","Ptychoglossu","Ptychoglossus","Gymnophthalmidae","Gymnophthalmidae","Alopoglossinae"
"298","Tretioscincu","Tretioscincus","Gymnophthalmidae","Gymnophthalmidae","Gymnophthalminae"
"175","Heloderma","Heloderma","Helodermatidae","Helodermatidae","Helodermatidae"
"154","Enyaliodes","Enyalioides","Hoplocercidae_Polychrotidae","Hoplocercidae","Hoplocercidae"
"155","Hoplocercus","Hoplocercus","Hoplocercidae_Polychrotidae","Hoplocercidae","Hoplocercidae"
"156","Morunasaurus","Morunasaurus","Hoplocercidae_Polychrotidae","Hoplocercidae","Hoplocercidae"
"151","Polychrus","Polychrus","Hoplocercidae_Polychrotidae","Polychrotidae","Polychrotidae"
"97","Hydrosaurus","Hydrosaurus","Hydrosaurinae","Agamidae","Hydrosaurinae"
"129","Amblyrhynchu","Amblyrhynchus","Iguanidae","Iguanidae","Iguanidae"
"130","Brachylophus","Brachylophus","Iguanidae","Iguanidae","Iguanidae"
"131","Conolophus","Conolophus","Iguanidae","Iguanidae","Iguanidae"
"132","Ctenosauracl","Ctenosaura","Iguanidae","Iguanidae","Iguanidae"
"133","Ctenosaurape","Ctenosaura","Iguanidae","Iguanidae","Iguanidae"
"134","Cyclura","Cyclura","Iguanidae","Iguanidae","Iguanidae"
"135","Dipsosaurus","Dipsosaurus","Iguanidae","Iguanidae","Iguanidae"
"136","Iguana","Iguana","Iguanidae","Iguanidae","Iguanidae"
"137","Sauromalus","Sauromalus","Iguanidae","Iguanidae","Iguanidae"
"232","Acanthodacty","Acanthodactylus","Lacertidae","Lacertidae","Lacertinae"
"233","Adolfus","Adolfus","Lacertidae","Lacertidae","Lacertinae"
"234","Algyroides","Algyroides","Lacertidae","Lacertidae","Lacertinae"
"237","Eremias","Eremias","Lacertidae","Lacertidae","Lacertinae"
"238","Gallotia","Gallotia","Lacertidae","Lacertidae","Gallotiinae"
"239","Gastropholis","Gastropholis","Lacertidae","Lacertidae","Lacertinae"
"240","Heliobolus","Heliobolus","Lacertidae","Lacertidae","Lacertinae"
"241","Holaspis","Holaspis","Lacertidae","Lacertidae","Lacertinae"
"242","Ichnotropis","Ichnotropis","Lacertidae","Lacertidae","Lacertinae"
"243","Lacertaagili","Lacerta","Lacertidae","Lacertidae","Lacertinae"
"245","Latastia","Latastia","Lacertidae","Lacertidae","Lacertinae"
"235","Aporosaura","Meroles","Lacertidae","Lacertidae","Lacertinae"
"246","Meroles","Meroles","Lacertidae","Lacertidae","Lacertinae"
"247","Mesalina","Mesalina","Lacertidae","Lacertidae","Lacertinae"
"248","Nucras","Nucras","Lacertidae","Lacertidae","Lacertinae"
"236","Cabrita","Ophisops","Lacertidae","Lacertidae","Lacertinae"
"249","Ophisops","Ophisops","Lacertidae","Lacertidae","Lacertinae"
"250","Pedioplanus","Pedioplanis","Lacertidae","Lacertidae","Lacertinae"
"251","Philochortus","Philochortus","Lacertidae","Lacertidae","Lacertinae"
"253","Podarcis","Podarcis","Lacertidae","Lacertidae","Lacertinae"
"254","Poromera","Poromera","Lacertidae","Lacertidae","Lacertinae"
"255","Psammodromus","Psammodromus","Lacertidae","Lacertidae","Gallotiinae"
"256","Pseuderemias","Pseuderemias","Lacertidae","Lacertidae","Lacertinae"
"252","Platyplacopu","Takydromus","Lacertidae","Lacertidae","Lacertinae"
"257","Takydromus","Takydromus","Lacertidae","Lacertidae","Lacertinae"
"244","Lacertalep","Timon","Lacertidae","Lacertidae","Lacertinae"
"258","Tropidosaura","Tropidosaura","Lacertidae","Lacertidae","Lacertinae"
"113","Leiocephalus","Leiocephalus","Leiocephalidae","Leiocephalidae","Leiocephalidae"
"83","Leiolepis","Leiolepis","Leiolepidinae","Agamidae","Leiolepidinae"
"138","Anisolepis","Anisolepis","Leiosauridae_Opiluridae","Leiosauridae","Enyaliinae"
"144","Aptycholaemu","Anisolepis","Leiosauridae_Opiluridae","Leiosauridae","Enyaliinae"
"157","Chalaradon","Chalarodon","Leiosauridae_Opiluridae","Opluridae","Opluridae"
"147","Diplolaemus","Diplolaemus","Leiosauridae_Opiluridae","Leiosauridae","Leiosaurinae"
"148","Enyalius","Enyalius","Leiosauridae_Opiluridae","Leiosauridae","Enyaliinae"
"143","Aperopristis","Leiosaurus","Leiosauridae_Opiluridae","Leiosauridae","Leiosaurinae"
"149","Leiosaurus","Leiosaurus","Leiosauridae_Opiluridae","Leiosauridae","Leiosaurinae"
"158","Oplurus","Oplurus","Leiosauridae_Opiluridae","Opluridae","Opluridae"
"152","Pristidactyl","Pristidactylus","Leiosauridae_Opiluridae","Leiosauridae","Leiosaurinae"
"153","Urostrophus","Urostrophus","Leiosauridae_Opiluridae","Leiosauridae","Enyaliinae"
"191","Leptotyphlop","Leptotyphlops","Leptotyphlopidae","Leptotyphlopidae","Leptotyphlopidae"
"164","Ctenoblephar","Ctenoblepharys","Liolaemidae","Liolaemidae","Liolaemidae"
"159","Liolaemusbue","Liolaemus","Liolaemidae","Liolaemidae","Liolaemidae"
"160","Liolaemusten","Liolaemus","Liolaemidae","Liolaemidae","Liolaemidae"
"161","Phymaturus","Phymaturus","Liolaemidae","Liolaemidae","Liolaemidae"
"299","Ablepharus","Ablepharus","Lygosominae","Scincidae","Lygosominae"
"339","Riopa","Ablepharus","Lygosominae","Scincidae","Lygosominae"
"300","Afroablephar","Afroablepharus","Lygosominae","Scincidae","Lygosominae"
"301","Anomalopus","Anomalopus","Lygosominae","Scincidae","Lygosominae"
"304","Asymblepharu","Asymblepharus","Lygosominae","Scincidae","Lygosominae"
"305","Ateuchosauru","Ateuchosaurus","Lygosominae","Scincidae","Lygosominae"
"306","Cadedoniscin","Caledoniscincus","Lygosominae","Scincidae","Lygosominae"
"307","Calyptotis","Calyptotis","Lygosominae","Scincidae","Lygosominae"
"308","Carlia","Carlia","Lygosominae","Scincidae","Lygosominae"
"309","Coeranoscinc","Coeranoscincus","Lygosominae","Scincidae","Lygosominae"
"310","Cophoscincus","Cophoscincopus","Lygosominae","Scincidae","Lygosominae"
"311","Corucia","Corucia","Lygosominae","Scincidae","Lygosominae"
"312","Cryptoblepha","Cryptoblepharus","Lygosominae","Scincidae","Lygosominae"
"313","Ctenotusspal","Ctenotus","Lygosominae","Scincidae","Lygosominae"
"303","Apterygodon","Dasia","Lygosominae","Scincidae","Lygosominae"
"314","Dasia","Dasia","Lygosominae","Scincidae","Lygosominae"
"315","Egernia","Egernia","Lygosominae","Scincidae","Lygosominae"
"316","Emoia","Emoia","Lygosominae","Scincidae","Lygosominae"
"317","Eremiascincu","Eremiascincus","Lygosominae","Scincidae","Lygosominae"
"318","Eugongylus","Eugongylus","Lygosominae","Scincidae","Lygosominae"
"319","Eumecia","Eumecia","Lygosominae","Scincidae","Lygosominae"
"320","Graciliscinc","Graciliscincus","Lygosominae","Scincidae","Lygosominae"
"321","Hemiergis","Hemiergis","Lygosominae","Scincidae","Lygosominae"
"322","Lamprolepis","Lamprolepis","Lygosominae","Scincidae","Lygosominae"
"323","Lampropholis","Lampropholis","Lygosominae","Scincidae","Lygosominae"
"324","Leiolopisma","Leiolopisma","Lygosominae","Scincidae","Lygosominae"
"325","Leptosiaphos","Leptosiaphos","Lygosominae","Scincidae","Lygosominae"
"326","Lerista","Lerista","Lygosominae","Scincidae","Lygosominae"
"327","Lipinia","Lipinia","Lygosominae","Scincidae","Lygosominae"
"328","Lobulia","Lobulia","Lygosominae","Scincidae","Lygosominae"
"329","Lygisaurus","Lygisaurus","Lygosominae","Scincidae","Lygosominae"
"330","Lygosoma","Lygosoma","Lygosominae","Scincidae","Lygosominae"
"384","lygosoma(homolepida)","Lygosoma","Lygosominae","Scincidae","Lygosominae"
"331","Mabuya","Mabuya","Lygosominae","Scincidae","Lygosominae"
"332","Marmorospax","Marmorosphax","Lygosominae","Scincidae","Lygosominae"
"333","Menetia","Menetia","Lygosominae","Scincidae","Lygosominae"
"334","Morethia","Morethia","Lygosominae","Scincidae","Lygosominae"
"302","Anotis","Nannoscincus","Lygosominae","Scincidae","Lygosominae"
"335","Nannoscincus","Nannoscincus","Lygosominae","Scincidae","Lygosominae"
"336","Panaspis","Panaspis","Lygosominae","Scincidae","Lygosominae"
"337","Papuascincus","Papuascincus","Lygosominae","Scincidae","Lygosominae"
"338","Prasinohaema","Prasinohaema","Lygosominae","Scincidae","Lygosominae"
"340","Ristella","Ristella","Lygosominae","Scincidae","Lygosominae"
"341","Siaphos","Saiphos","Lygosominae","Scincidae","Lygosominae"
"342","Scincella","Scincella","Lygosominae","Scincidae","Lygosominae"
"343","Sigaloseps","Sigaloseps","Lygosominae","Scincidae","Lygosominae"
"344","Sphenomorphu","Sphenomorphus","Lygosominae","Scincidae","Lygosominae"
"345","Tiliqua","Tiliqua","Lygosominae","Scincidae","Lygosominae"
"346","Trachydosaur","Tiliqua","Lygosominae","Scincidae","Lygosominae"
"347","Tribolonotus","Tribolonotus","Lygosominae","Scincidae","Lygosominae"
"348","Tropidophoru","Tropidophorus","Lygosominae","Scincidae","Lygosominae"
"349","Tropidoscinc","Tropidoscincus","Lygosominae","Scincidae","Lygosominae"
"114","Callisaurus","Callisaurus","Phrynosomatidae","Phrynosomatidae","Phrynosomatidae"
"115","Cophosaurust","Cophosaurus","Phrynosomatidae","Phrynosomatidae","Phrynosomatidae"
"116","Holbrookia","Holbrookia","Phrynosomatidae","Phrynosomatidae","Phrynosomatidae"
"117","Petrosaurus","Petrosaurus","Phrynosomatidae","Phrynosomatidae","Phrynosomatidae"
"118","Phrynosoma","Phrynosoma","Phrynosomatidae","Phrynosomatidae","Phrynosomatidae"
"119","Sator","Sceloporus","Phrynosomatidae","Phrynosomatidae","Phrynosomatidae"
"120","Scelopmagist","Sceloporus","Phrynosomatidae","Phrynosomatidae","Phrynosomatidae"
"121","Scelopoccide","Sceloporus","Phrynosomatidae","Phrynosomatidae","Phrynosomatidae"
"122","Sceloporussi","Sceloporus","Phrynosomatidae","Phrynosomatidae","Phrynosomatidae"
"123","Uma","Uma","Phrynosomatidae","Phrynosomatidae","Phrynosomatidae"
"124","Urosaurus","Urosaurus","Phrynosomatidae","Phrynosomatidae","Phrynosomatidae"
"125","Utastans","Uta","Phrynosomatidae","Phrynosomatidae","Phrynosomatidae"
"259","Rhineura","Rhineura","Rhineuridae","Rhineuridae","Rhineuridae"
"350","Androngo","Androngo","Scincinae","Scincidae","Scincinae"
"351","Brachymeles","Brachymeles","Scincinae","Scincidae","Scincinae"
"352","Chalcides","Chalcides","Scincinae","Scincidae","Scincinae"
"365","Sphenops","Chalcides","Scincinae","Scincidae","Scincinae"
"353","Eumeces","Eumeces","Scincinae","Scincidae","Scincinae"
"354","Feylinia","Feylinia","Scincinae","Scincidae","Scincinae"
"356","Melanoseps","Melanoseps","Scincinae","Scincidae","Scincinae"
"358","Nessia","Nessia","Scincinae","Scincidae","Scincinae"
"359","Ophiomorus","Ophiomorus","Scincinae","Scincidae","Scincinae"
"360","Paracontias","Paracontias","Scincinae","Scincidae","Scincinae"
"357","Neoseps","Plestiodon","Scincinae","Scincidae","Scincinae"
"361","Proscelotes","Proscelotes","Scincinae","Scincidae","Scincinae"
"362","Scelotes","Scelotes","Scincinae","Scincidae","Scincinae"
"363","Scincopus","Scincopus","Scincinae","Scincidae","Scincinae"
"364","Scincus","Scincus","Scincinae","Scincidae","Scincinae"
"355","Fitzsimonsia","Typhlacontias","Scincinae","Scincidae","Scincinae"
"366","Typhlacontia","Typhlacontias","Scincinae","Scincidae","Scincinae"
"367","Voeltzkowia","Voeltzkowia","Scincinae","Scincidae","Scincinae"
"383","Shinisaurus","Shinisaurus","Shinisauridae","Shinisauridae","Shinisauridae"
"275","Ameiva","Ameiva","Teiidae","Teiidae","Teiinae"
"276","Cnemidophoru","Cnemidophorus","Teiidae","Teiidae","Teiinae"
"277","Crocodiliuru","Crocodilurus","Teiidae","Teiidae","Tupinambinae"
"278","Dicrodon","Dicrodon","Teiidae","Teiidae","Teiinae"
"279","Dracaena","Dracaena","Teiidae","Teiidae","Tupinambinae"
"280","Kentropyx","Kentropyx","Teiidae","Teiidae","Teiinae"
"281","Teius","Teius","Teiidae","Teiidae","Teiinae"
"282","Tupinambis","Tupinambis","Teiidae","Teiidae","Tupinambinae"
"198","Anilius","Anilius","Tropidophiidae_Aniliidae","Aniliidae","Aniliidae"
"227","Tropidophis","Tropidophis","Tropidophiidae_Aniliidae","Tropidophiidae","Tropidophiidae"
"166","Plica","Plica","Tropiduridae","Tropiduridae","Tropiduridae"
"165","Ophryoessoid","Stenocercus","Tropiduridae","Tropiduridae","Tropiduridae"
"167","Proctotrectu","Stenocercus","Tropiduridae","Tropiduridae","Tropiduridae"
"168","Stenocercus","Stenocercus","Tropiduridae","Tropiduridae","Tropiduridae"
"169","Strobilurus","Strobilurus","Tropiduridae","Tropiduridae","Tropiduridae"
"170","Tropidurushi","Tropidurus","Tropiduridae","Tropiduridae","Tropiduridae"
"171","Tropidurusto","Tropidurus","Tropiduridae","Tropiduridae","Tropiduridae"
"172","Uracentron","Uracentron","Tropiduridae","Tropiduridae","Tropiduridae"
"173","Uranoscodon","Uranoscodon","Tropiduridae","Tropiduridae","Tropiduridae"
"193","Ramphotyphlo","Ramphotyphlops","Typhlopidae","Typhlopidae","Typhlopidae"
"194","Typhlops","Typhlops","Typhlopidae","Typhlopidae","Typhlopidae"
"77","Uromastyx","Uromastyx","Uromasticinae","Agamidae","Uromasticinae"
"189","Lanthanotus","Lanthanotus","Varanidae_Lanthanotidae","Lanthanotidae","Lanthanotidae"
"190","Varanusacan","Varanus","Varanidae_Lanthanotidae","Varanidae","Varanidae"
"371","Lepidophyma","Lepidophyma","Xantusiidae","Xantusiidae","Lepidophyminae"
"372","Xantusia","Xantusia","Xantusiidae","Xantusiidae","Xantusiinae"
"373","Xantusiarive","Xantusia","Xantusiidae","Xantusiidae","Xantusiinae"
"174","Xenosaurus","Xenosaurus","Xenosauridae","Xenosauridae","Xenosauridae"
